<table style="border-collapse:collapse; border:none;">
<tr>
<th style="font-style:italic; font-weight:normal; border-top:double black; border-bottom:1px solid black; padding:0.2cm;">&nbsp;</th>
<th style="font-style:italic; font-weight:normal; border-top:double black; border-bottom:1px solid black; padding:0.2cm;">Gly.S</th>
<th style="font-style:italic; font-weight:normal; border-top:double black; border-bottom:1px solid black; padding:0.2cm;">Gly.Pr</th>
<th style="font-style:italic; font-weight:normal; border-top:double black; border-bottom:1px solid black; padding:0.2cm;">Phe.S</th>
<th style="font-style:italic; font-weight:normal; border-top:double black; border-bottom:1px solid black; padding:0.2cm;">Phe.Pr</th>
<th style="font-style:italic; font-weight:normal; border-top:double black; border-bottom:1px solid black; padding:0.2cm;">Sa1.6.S</th>
<th style="font-style:italic; font-weight:normal; border-top:double black; border-bottom:1px solid black; padding:0.2cm;">Sa1.6.Pr</th>
<th style="font-style:italic; font-weight:normal; border-top:double black; border-bottom:1px solid black; padding:0.2cm;">Sa20.S</th>
<th style="font-style:italic; font-weight:normal; border-top:double black; border-bottom:1px solid black; padding:0.2cm;">Sa20.Pr</th>
<th style="font-style:italic; font-weight:normal; border-top:double black; border-bottom:1px solid black; padding:0.2cm;">Su50.S</th>
<th style="font-style:italic; font-weight:normal; border-top:double black; border-bottom:1px solid black; padding:0.2cm;">Su50.Pr</th>
<th style="font-style:italic; font-weight:normal; border-top:double black; border-bottom:1px solid black; padding:0.2cm;">Su300.S</th>
<th style="font-style:italic; font-weight:normal; border-top:double black; border-bottom:1px solid black; padding:0.2cm;">Su300.Pr</th>
<th style="font-style:italic; font-weight:normal; border-top:double black; border-bottom:1px solid black; padding:0.2cm;">MSG.S</th>
<th style="font-style:italic; font-weight:normal; border-top:double black; border-bottom:1px solid black; padding:0.2cm;">MSG.Pr</th>
<th style="font-style:italic; font-weight:normal; border-top:double black; border-bottom:1px solid black; padding:0.2cm;">Et3.S</th>
<th style="font-style:italic; font-weight:normal; border-top:double black; border-bottom:1px solid black; padding:0.2cm;">Et3.Pr</th>
<th style="font-style:italic; font-weight:normal; border-top:double black; border-bottom:1px solid black; padding:0.2cm;">Et10.S</th>
<th style="font-style:italic; font-weight:normal; border-top:double black; border-bottom:1px solid black; padding:0.2cm;">Et10.Pr</th>
<th style="font-style:italic; font-weight:normal; border-top:double black; border-bottom:1px solid black; padding:0.2cm;">Ca.S</th>
<th style="font-style:italic; font-weight:normal; border-top:double black; border-bottom:1px solid black; padding:0.2cm;">Ca.Pr</th>
<th style="font-style:italic; font-weight:normal; border-top:double black; border-bottom:1px solid black; padding:0.2cm;">Wat.av</th>
<th style="font-style:italic; font-weight:normal; border-top:double black; border-bottom:1px solid black; padding:0.2cm;">Wat.Pr</th>
</tr>
<tr>
<td style="font-style:italic;">Gly.S</td>
<td style="padding:0.2cm; text-align:center;">&nbsp;</td>
<td style="padding:0.2cm; text-align:center;">0.606<span style="vertical-align:super;font-size:0.8em;">***</span></td>
<td style="padding:0.2cm; text-align:center;">0.570<span style="vertical-align:super;font-size:0.8em;">***</span></td>
<td style="padding:0.2cm; text-align:center;">0.310<span style="vertical-align:super;font-size:0.8em;">***</span></td>
<td style="padding:0.2cm; text-align:center;">0.569<span style="vertical-align:super;font-size:0.8em;">***</span></td>
<td style="padding:0.2cm; text-align:center;">0.340<span style="vertical-align:super;font-size:0.8em;">***</span></td>
<td style="padding:0.2cm; text-align:center;">0.338<span style="vertical-align:super;font-size:0.8em;">***</span></td>
<td style="padding:0.2cm; text-align:center;">0.134<span style="vertical-align:super;font-size:0.8em;">*</span></td>
<td style="padding:0.2cm; text-align:center;">0.558<span style="vertical-align:super;font-size:0.8em;">***</span></td>
<td style="padding:0.2cm; text-align:center;">0.346<span style="vertical-align:super;font-size:0.8em;">***</span></td>
<td style="padding:0.2cm; text-align:center;">0.130<span style="vertical-align:super;font-size:0.8em;">*</span></td>
<td style="padding:0.2cm; text-align:center; color:#999999;">-0.023<span style="vertical-align:super;font-size:0.8em;"></span></td>
<td style="padding:0.2cm; text-align:center;">0.159<span style="vertical-align:super;font-size:0.8em;">**</span></td>
<td style="padding:0.2cm; text-align:center; color:#999999;">-0.028<span style="vertical-align:super;font-size:0.8em;"></span></td>
<td style="padding:0.2cm; text-align:center;">0.336<span style="vertical-align:super;font-size:0.8em;">***</span></td>
<td style="padding:0.2cm; text-align:center;">0.138<span style="vertical-align:super;font-size:0.8em;">*</span></td>
<td style="padding:0.2cm; text-align:center;">0.133<span style="vertical-align:super;font-size:0.8em;">*</span></td>
<td style="padding:0.2cm; text-align:center; color:#999999;">0.011<span style="vertical-align:super;font-size:0.8em;"></span></td>
<td style="padding:0.2cm; text-align:center; color:#999999;">-0.035<span style="vertical-align:super;font-size:0.8em;"></span></td>
<td style="padding:0.2cm; text-align:center;">-0.127<span style="vertical-align:super;font-size:0.8em;">*</span></td>
<td style="padding:0.2cm; text-align:center;">0.624<span style="vertical-align:super;font-size:0.8em;">***</span></td>
<td style="padding:0.2cm; text-align:center; color:#999999;">0.024<span style="vertical-align:super;font-size:0.8em;"></span></td>
</tr>
<tr>
<td style="font-style:italic;">Gly.Pr</td>
<td style="padding:0.2cm; text-align:center;">0.606<span style="vertical-align:super;font-size:0.8em;">***</span></td>
<td style="padding:0.2cm; text-align:center;">&nbsp;</td>
<td style="padding:0.2cm; text-align:center;">0.152<span style="vertical-align:super;font-size:0.8em;">*</span></td>
<td style="padding:0.2cm; text-align:center;">0.442<span style="vertical-align:super;font-size:0.8em;">***</span></td>
<td style="padding:0.2cm; text-align:center;">0.145<span style="vertical-align:super;font-size:0.8em;">*</span></td>
<td style="padding:0.2cm; text-align:center;">0.415<span style="vertical-align:super;font-size:0.8em;">***</span></td>
<td style="padding:0.2cm; text-align:center; color:#999999;">-0.008<span style="vertical-align:super;font-size:0.8em;"></span></td>
<td style="padding:0.2cm; text-align:center; color:#999999;">0.096<span style="vertical-align:super;font-size:0.8em;"></span></td>
<td style="padding:0.2cm; text-align:center; color:#999999;">0.077<span style="vertical-align:super;font-size:0.8em;"></span></td>
<td style="padding:0.2cm; text-align:center;">0.283<span style="vertical-align:super;font-size:0.8em;">***</span></td>
<td style="padding:0.2cm; text-align:center; color:#999999;">-0.017<span style="vertical-align:super;font-size:0.8em;"></span></td>
<td style="padding:0.2cm; text-align:center; color:#999999;">-0.072<span style="vertical-align:super;font-size:0.8em;"></span></td>
<td style="padding:0.2cm; text-align:center; color:#999999;">-0.056<span style="vertical-align:super;font-size:0.8em;"></span></td>
<td style="padding:0.2cm; text-align:center; color:#999999;">-0.038<span style="vertical-align:super;font-size:0.8em;"></span></td>
<td style="padding:0.2cm; text-align:center; color:#999999;">0.059<span style="vertical-align:super;font-size:0.8em;"></span></td>
<td style="padding:0.2cm; text-align:center; color:#999999;">0.062<span style="vertical-align:super;font-size:0.8em;"></span></td>
<td style="padding:0.2cm; text-align:center; color:#999999;">0.039<span style="vertical-align:super;font-size:0.8em;"></span></td>
<td style="padding:0.2cm; text-align:center; color:#999999;">0.050<span style="vertical-align:super;font-size:0.8em;"></span></td>
<td style="padding:0.2cm; text-align:center; color:#999999;">-0.085<span style="vertical-align:super;font-size:0.8em;"></span></td>
<td style="padding:0.2cm; text-align:center; color:#999999;">-0.074<span style="vertical-align:super;font-size:0.8em;"></span></td>
<td style="padding:0.2cm; text-align:center; color:#999999;">-0.084<span style="vertical-align:super;font-size:0.8em;"></span></td>
<td style="padding:0.2cm; text-align:center;">0.169<span style="vertical-align:super;font-size:0.8em;">**</span></td>
</tr>
<tr>
<td style="font-style:italic;">Phe.S</td>
<td style="padding:0.2cm; text-align:center;">0.570<span style="vertical-align:super;font-size:0.8em;">***</span></td>
<td style="padding:0.2cm; text-align:center;">0.152<span style="vertical-align:super;font-size:0.8em;">*</span></td>
<td style="padding:0.2cm; text-align:center;">&nbsp;</td>
<td style="padding:0.2cm; text-align:center;">0.552<span style="vertical-align:super;font-size:0.8em;">***</span></td>
<td style="padding:0.2cm; text-align:center;">0.821<span style="vertical-align:super;font-size:0.8em;">***</span></td>
<td style="padding:0.2cm; text-align:center;">0.432<span style="vertical-align:super;font-size:0.8em;">***</span></td>
<td style="padding:0.2cm; text-align:center;">0.666<span style="vertical-align:super;font-size:0.8em;">***</span></td>
<td style="padding:0.2cm; text-align:center;">0.220<span style="vertical-align:super;font-size:0.8em;">***</span></td>
<td style="padding:0.2cm; text-align:center;">0.729<span style="vertical-align:super;font-size:0.8em;">***</span></td>
<td style="padding:0.2cm; text-align:center;">0.316<span style="vertical-align:super;font-size:0.8em;">***</span></td>
<td style="padding:0.2cm; text-align:center;">0.181<span style="vertical-align:super;font-size:0.8em;">**</span></td>
<td style="padding:0.2cm; text-align:center; color:#999999;">-0.108<span style="vertical-align:super;font-size:0.8em;"></span></td>
<td style="padding:0.2cm; text-align:center;">0.153<span style="vertical-align:super;font-size:0.8em;">*</span></td>
<td style="padding:0.2cm; text-align:center; color:#999999;">-0.060<span style="vertical-align:super;font-size:0.8em;"></span></td>
<td style="padding:0.2cm; text-align:center;">0.387<span style="vertical-align:super;font-size:0.8em;">***</span></td>
<td style="padding:0.2cm; text-align:center;">0.161<span style="vertical-align:super;font-size:0.8em;">**</span></td>
<td style="padding:0.2cm; text-align:center;">0.182<span style="vertical-align:super;font-size:0.8em;">**</span></td>
<td style="padding:0.2cm; text-align:center; color:#999999;">0.044<span style="vertical-align:super;font-size:0.8em;"></span></td>
<td style="padding:0.2cm; text-align:center; color:#999999;">0.086<span style="vertical-align:super;font-size:0.8em;"></span></td>
<td style="padding:0.2cm; text-align:center; color:#999999;">-0.023<span style="vertical-align:super;font-size:0.8em;"></span></td>
<td style="padding:0.2cm; text-align:center;">0.553<span style="vertical-align:super;font-size:0.8em;">***</span></td>
<td style="padding:0.2cm; text-align:center; color:#999999;">-0.015<span style="vertical-align:super;font-size:0.8em;"></span></td>
</tr>
<tr>
<td style="font-style:italic;">Phe.Pr</td>
<td style="padding:0.2cm; text-align:center;">0.310<span style="vertical-align:super;font-size:0.8em;">***</span></td>
<td style="padding:0.2cm; text-align:center;">0.442<span style="vertical-align:super;font-size:0.8em;">***</span></td>
<td style="padding:0.2cm; text-align:center;">0.552<span style="vertical-align:super;font-size:0.8em;">***</span></td>
<td style="padding:0.2cm; text-align:center;">&nbsp;</td>
<td style="padding:0.2cm; text-align:center;">0.340<span style="vertical-align:super;font-size:0.8em;">***</span></td>
<td style="padding:0.2cm; text-align:center;">0.579<span style="vertical-align:super;font-size:0.8em;">***</span></td>
<td style="padding:0.2cm; text-align:center;">0.190<span style="vertical-align:super;font-size:0.8em;">**</span></td>
<td style="padding:0.2cm; text-align:center;">0.132<span style="vertical-align:super;font-size:0.8em;">*</span></td>
<td style="padding:0.2cm; text-align:center;">0.205<span style="vertical-align:super;font-size:0.8em;">***</span></td>
<td style="padding:0.2cm; text-align:center;">0.381<span style="vertical-align:super;font-size:0.8em;">***</span></td>
<td style="padding:0.2cm; text-align:center; color:#999999;">0.018<span style="vertical-align:super;font-size:0.8em;"></span></td>
<td style="padding:0.2cm; text-align:center; color:#999999;">-0.091<span style="vertical-align:super;font-size:0.8em;"></span></td>
<td style="padding:0.2cm; text-align:center; color:#999999;">-0.055<span style="vertical-align:super;font-size:0.8em;"></span></td>
<td style="padding:0.2cm; text-align:center; color:#999999;">-0.078<span style="vertical-align:super;font-size:0.8em;"></span></td>
<td style="padding:0.2cm; text-align:center;">0.132<span style="vertical-align:super;font-size:0.8em;">*</span></td>
<td style="padding:0.2cm; text-align:center; color:#999999;">0.114<span style="vertical-align:super;font-size:0.8em;"></span></td>
<td style="padding:0.2cm; text-align:center; color:#999999;">0.078<span style="vertical-align:super;font-size:0.8em;"></span></td>
<td style="padding:0.2cm; text-align:center; color:#999999;">0.070<span style="vertical-align:super;font-size:0.8em;"></span></td>
<td style="padding:0.2cm; text-align:center; color:#999999;">-0.040<span style="vertical-align:super;font-size:0.8em;"></span></td>
<td style="padding:0.2cm; text-align:center; color:#999999;">-0.062<span style="vertical-align:super;font-size:0.8em;"></span></td>
<td style="padding:0.2cm; text-align:center; color:#999999;">-0.006<span style="vertical-align:super;font-size:0.8em;"></span></td>
<td style="padding:0.2cm; text-align:center;">0.133<span style="vertical-align:super;font-size:0.8em;">*</span></td>
</tr>
<tr>
<td style="font-style:italic;">Sa1.6.S</td>
<td style="padding:0.2cm; text-align:center;">0.569<span style="vertical-align:super;font-size:0.8em;">***</span></td>
<td style="padding:0.2cm; text-align:center;">0.145<span style="vertical-align:super;font-size:0.8em;">*</span></td>
<td style="padding:0.2cm; text-align:center;">0.821<span style="vertical-align:super;font-size:0.8em;">***</span></td>
<td style="padding:0.2cm; text-align:center;">0.340<span style="vertical-align:super;font-size:0.8em;">***</span></td>
<td style="padding:0.2cm; text-align:center;">&nbsp;</td>
<td style="padding:0.2cm; text-align:center;">0.524<span style="vertical-align:super;font-size:0.8em;">***</span></td>
<td style="padding:0.2cm; text-align:center;">0.779<span style="vertical-align:super;font-size:0.8em;">***</span></td>
<td style="padding:0.2cm; text-align:center;">0.260<span style="vertical-align:super;font-size:0.8em;">***</span></td>
<td style="padding:0.2cm; text-align:center;">0.823<span style="vertical-align:super;font-size:0.8em;">***</span></td>
<td style="padding:0.2cm; text-align:center;">0.356<span style="vertical-align:super;font-size:0.8em;">***</span></td>
<td style="padding:0.2cm; text-align:center;">0.174<span style="vertical-align:super;font-size:0.8em;">**</span></td>
<td style="padding:0.2cm; text-align:center;">-0.127<span style="vertical-align:super;font-size:0.8em;">*</span></td>
<td style="padding:0.2cm; text-align:center;">0.187<span style="vertical-align:super;font-size:0.8em;">**</span></td>
<td style="padding:0.2cm; text-align:center; color:#999999;">-0.063<span style="vertical-align:super;font-size:0.8em;"></span></td>
<td style="padding:0.2cm; text-align:center;">0.393<span style="vertical-align:super;font-size:0.8em;">***</span></td>
<td style="padding:0.2cm; text-align:center;">0.147<span style="vertical-align:super;font-size:0.8em;">*</span></td>
<td style="padding:0.2cm; text-align:center;">0.187<span style="vertical-align:super;font-size:0.8em;">**</span></td>
<td style="padding:0.2cm; text-align:center; color:#999999;">0.030<span style="vertical-align:super;font-size:0.8em;"></span></td>
<td style="padding:0.2cm; text-align:center; color:#999999;">0.096<span style="vertical-align:super;font-size:0.8em;"></span></td>
<td style="padding:0.2cm; text-align:center; color:#999999;">-0.024<span style="vertical-align:super;font-size:0.8em;"></span></td>
<td style="padding:0.2cm; text-align:center;">0.614<span style="vertical-align:super;font-size:0.8em;">***</span></td>
<td style="padding:0.2cm; text-align:center; color:#999999;">-0.023<span style="vertical-align:super;font-size:0.8em;"></span></td>
</tr>
<tr>
<td style="font-style:italic;">Sa1.6.Pr</td>
<td style="padding:0.2cm; text-align:center;">0.340<span style="vertical-align:super;font-size:0.8em;">***</span></td>
<td style="padding:0.2cm; text-align:center;">0.415<span style="vertical-align:super;font-size:0.8em;">***</span></td>
<td style="padding:0.2cm; text-align:center;">0.432<span style="vertical-align:super;font-size:0.8em;">***</span></td>
<td style="padding:0.2cm; text-align:center;">0.579<span style="vertical-align:super;font-size:0.8em;">***</span></td>
<td style="padding:0.2cm; text-align:center;">0.524<span style="vertical-align:super;font-size:0.8em;">***</span></td>
<td style="padding:0.2cm; text-align:center;">&nbsp;</td>
<td style="padding:0.2cm; text-align:center;">0.353<span style="vertical-align:super;font-size:0.8em;">***</span></td>
<td style="padding:0.2cm; text-align:center;">0.421<span style="vertical-align:super;font-size:0.8em;">***</span></td>
<td style="padding:0.2cm; text-align:center;">0.270<span style="vertical-align:super;font-size:0.8em;">***</span></td>
<td style="padding:0.2cm; text-align:center;">0.522<span style="vertical-align:super;font-size:0.8em;">***</span></td>
<td style="padding:0.2cm; text-align:center; color:#999999;">0.075<span style="vertical-align:super;font-size:0.8em;"></span></td>
<td style="padding:0.2cm; text-align:center; color:#999999;">-0.087<span style="vertical-align:super;font-size:0.8em;"></span></td>
<td style="padding:0.2cm; text-align:center; color:#999999;">-0.026<span style="vertical-align:super;font-size:0.8em;"></span></td>
<td style="padding:0.2cm; text-align:center; color:#999999;">-0.102<span style="vertical-align:super;font-size:0.8em;"></span></td>
<td style="padding:0.2cm; text-align:center;">0.123<span style="vertical-align:super;font-size:0.8em;">*</span></td>
<td style="padding:0.2cm; text-align:center; color:#999999;">0.095<span style="vertical-align:super;font-size:0.8em;"></span></td>
<td style="padding:0.2cm; text-align:center; color:#999999;">0.080<span style="vertical-align:super;font-size:0.8em;"></span></td>
<td style="padding:0.2cm; text-align:center; color:#999999;">0.064<span style="vertical-align:super;font-size:0.8em;"></span></td>
<td style="padding:0.2cm; text-align:center; color:#999999;">-0.102<span style="vertical-align:super;font-size:0.8em;"></span></td>
<td style="padding:0.2cm; text-align:center;">-0.123<span style="vertical-align:super;font-size:0.8em;">*</span></td>
<td style="padding:0.2cm; text-align:center; color:#999999;">0.052<span style="vertical-align:super;font-size:0.8em;"></span></td>
<td style="padding:0.2cm; text-align:center; color:#999999;">0.117<span style="vertical-align:super;font-size:0.8em;"></span></td>
</tr>
<tr>
<td style="font-style:italic;">Sa20.S</td>
<td style="padding:0.2cm; text-align:center;">0.338<span style="vertical-align:super;font-size:0.8em;">***</span></td>
<td style="padding:0.2cm; text-align:center; color:#999999;">-0.008<span style="vertical-align:super;font-size:0.8em;"></span></td>
<td style="padding:0.2cm; text-align:center;">0.666<span style="vertical-align:super;font-size:0.8em;">***</span></td>
<td style="padding:0.2cm; text-align:center;">0.190<span style="vertical-align:super;font-size:0.8em;">**</span></td>
<td style="padding:0.2cm; text-align:center;">0.779<span style="vertical-align:super;font-size:0.8em;">***</span></td>
<td style="padding:0.2cm; text-align:center;">0.353<span style="vertical-align:super;font-size:0.8em;">***</span></td>
<td style="padding:0.2cm; text-align:center;">&nbsp;</td>
<td style="padding:0.2cm; text-align:center;">0.365<span style="vertical-align:super;font-size:0.8em;">***</span></td>
<td style="padding:0.2cm; text-align:center;">0.713<span style="vertical-align:super;font-size:0.8em;">***</span></td>
<td style="padding:0.2cm; text-align:center;">0.212<span style="vertical-align:super;font-size:0.8em;">***</span></td>
<td style="padding:0.2cm; text-align:center;">0.207<span style="vertical-align:super;font-size:0.8em;">***</span></td>
<td style="padding:0.2cm; text-align:center; color:#999999;">-0.100<span style="vertical-align:super;font-size:0.8em;"></span></td>
<td style="padding:0.2cm; text-align:center;">0.202<span style="vertical-align:super;font-size:0.8em;">***</span></td>
<td style="padding:0.2cm; text-align:center; color:#999999;">0.003<span style="vertical-align:super;font-size:0.8em;"></span></td>
<td style="padding:0.2cm; text-align:center;">0.308<span style="vertical-align:super;font-size:0.8em;">***</span></td>
<td style="padding:0.2cm; text-align:center;">0.124<span style="vertical-align:super;font-size:0.8em;">*</span></td>
<td style="padding:0.2cm; text-align:center;">0.232<span style="vertical-align:super;font-size:0.8em;">***</span></td>
<td style="padding:0.2cm; text-align:center; color:#999999;">0.116<span style="vertical-align:super;font-size:0.8em;"></span></td>
<td style="padding:0.2cm; text-align:center;">0.148<span style="vertical-align:super;font-size:0.8em;">*</span></td>
<td style="padding:0.2cm; text-align:center; color:#999999;">0.029<span style="vertical-align:super;font-size:0.8em;"></span></td>
<td style="padding:0.2cm; text-align:center;">0.461<span style="vertical-align:super;font-size:0.8em;">***</span></td>
<td style="padding:0.2cm; text-align:center; color:#999999;">-0.011<span style="vertical-align:super;font-size:0.8em;"></span></td>
</tr>
<tr>
<td style="font-style:italic;">Sa20.Pr</td>
<td style="padding:0.2cm; text-align:center;">0.134<span style="vertical-align:super;font-size:0.8em;">*</span></td>
<td style="padding:0.2cm; text-align:center; color:#999999;">0.096<span style="vertical-align:super;font-size:0.8em;"></span></td>
<td style="padding:0.2cm; text-align:center;">0.220<span style="vertical-align:super;font-size:0.8em;">***</span></td>
<td style="padding:0.2cm; text-align:center;">0.132<span style="vertical-align:super;font-size:0.8em;">*</span></td>
<td style="padding:0.2cm; text-align:center;">0.260<span style="vertical-align:super;font-size:0.8em;">***</span></td>
<td style="padding:0.2cm; text-align:center;">0.421<span style="vertical-align:super;font-size:0.8em;">***</span></td>
<td style="padding:0.2cm; text-align:center;">0.365<span style="vertical-align:super;font-size:0.8em;">***</span></td>
<td style="padding:0.2cm; text-align:center;">&nbsp;</td>
<td style="padding:0.2cm; text-align:center;">0.205<span style="vertical-align:super;font-size:0.8em;">***</span></td>
<td style="padding:0.2cm; text-align:center;">0.252<span style="vertical-align:super;font-size:0.8em;">***</span></td>
<td style="padding:0.2cm; text-align:center; color:#999999;">0.051<span style="vertical-align:super;font-size:0.8em;"></span></td>
<td style="padding:0.2cm; text-align:center; color:#999999;">-0.005<span style="vertical-align:super;font-size:0.8em;"></span></td>
<td style="padding:0.2cm; text-align:center; color:#999999;">0.062<span style="vertical-align:super;font-size:0.8em;"></span></td>
<td style="padding:0.2cm; text-align:center; color:#999999;">-0.058<span style="vertical-align:super;font-size:0.8em;"></span></td>
<td style="padding:0.2cm; text-align:center; color:#999999;">-0.001<span style="vertical-align:super;font-size:0.8em;"></span></td>
<td style="padding:0.2cm; text-align:center; color:#999999;">-0.051<span style="vertical-align:super;font-size:0.8em;"></span></td>
<td style="padding:0.2cm; text-align:center; color:#999999;">-0.034<span style="vertical-align:super;font-size:0.8em;"></span></td>
<td style="padding:0.2cm; text-align:center; color:#999999;">-0.042<span style="vertical-align:super;font-size:0.8em;"></span></td>
<td style="padding:0.2cm; text-align:center;">-0.122<span style="vertical-align:super;font-size:0.8em;">*</span></td>
<td style="padding:0.2cm; text-align:center;">-0.165<span style="vertical-align:super;font-size:0.8em;">**</span></td>
<td style="padding:0.2cm; text-align:center; color:#999999;">0.070<span style="vertical-align:super;font-size:0.8em;"></span></td>
<td style="padding:0.2cm; text-align:center; color:#999999;">0.002<span style="vertical-align:super;font-size:0.8em;"></span></td>
</tr>
<tr>
<td style="font-style:italic;">Su50.S</td>
<td style="padding:0.2cm; text-align:center;">0.558<span style="vertical-align:super;font-size:0.8em;">***</span></td>
<td style="padding:0.2cm; text-align:center; color:#999999;">0.077<span style="vertical-align:super;font-size:0.8em;"></span></td>
<td style="padding:0.2cm; text-align:center;">0.729<span style="vertical-align:super;font-size:0.8em;">***</span></td>
<td style="padding:0.2cm; text-align:center;">0.205<span style="vertical-align:super;font-size:0.8em;">***</span></td>
<td style="padding:0.2cm; text-align:center;">0.823<span style="vertical-align:super;font-size:0.8em;">***</span></td>
<td style="padding:0.2cm; text-align:center;">0.270<span style="vertical-align:super;font-size:0.8em;">***</span></td>
<td style="padding:0.2cm; text-align:center;">0.713<span style="vertical-align:super;font-size:0.8em;">***</span></td>
<td style="padding:0.2cm; text-align:center;">0.205<span style="vertical-align:super;font-size:0.8em;">***</span></td>
<td style="padding:0.2cm; text-align:center;">&nbsp;</td>
<td style="padding:0.2cm; text-align:center;">0.386<span style="vertical-align:super;font-size:0.8em;">***</span></td>
<td style="padding:0.2cm; text-align:center;">0.208<span style="vertical-align:super;font-size:0.8em;">***</span></td>
<td style="padding:0.2cm; text-align:center; color:#999999;">-0.062<span style="vertical-align:super;font-size:0.8em;"></span></td>
<td style="padding:0.2cm; text-align:center;">0.265<span style="vertical-align:super;font-size:0.8em;">***</span></td>
<td style="padding:0.2cm; text-align:center; color:#999999;">-0.023<span style="vertical-align:super;font-size:0.8em;"></span></td>
<td style="padding:0.2cm; text-align:center;">0.408<span style="vertical-align:super;font-size:0.8em;">***</span></td>
<td style="padding:0.2cm; text-align:center;">0.149<span style="vertical-align:super;font-size:0.8em;">*</span></td>
<td style="padding:0.2cm; text-align:center;">0.186<span style="vertical-align:super;font-size:0.8em;">**</span></td>
<td style="padding:0.2cm; text-align:center; color:#999999;">0.022<span style="vertical-align:super;font-size:0.8em;"></span></td>
<td style="padding:0.2cm; text-align:center; color:#999999;">0.066<span style="vertical-align:super;font-size:0.8em;"></span></td>
<td style="padding:0.2cm; text-align:center; color:#999999;">-0.062<span style="vertical-align:super;font-size:0.8em;"></span></td>
<td style="padding:0.2cm; text-align:center;">0.665<span style="vertical-align:super;font-size:0.8em;">***</span></td>
<td style="padding:0.2cm; text-align:center; color:#999999;">-0.012<span style="vertical-align:super;font-size:0.8em;"></span></td>
</tr>
<tr>
<td style="font-style:italic;">Su50.Pr</td>
<td style="padding:0.2cm; text-align:center;">0.346<span style="vertical-align:super;font-size:0.8em;">***</span></td>
<td style="padding:0.2cm; text-align:center;">0.283<span style="vertical-align:super;font-size:0.8em;">***</span></td>
<td style="padding:0.2cm; text-align:center;">0.316<span style="vertical-align:super;font-size:0.8em;">***</span></td>
<td style="padding:0.2cm; text-align:center;">0.381<span style="vertical-align:super;font-size:0.8em;">***</span></td>
<td style="padding:0.2cm; text-align:center;">0.356<span style="vertical-align:super;font-size:0.8em;">***</span></td>
<td style="padding:0.2cm; text-align:center;">0.522<span style="vertical-align:super;font-size:0.8em;">***</span></td>
<td style="padding:0.2cm; text-align:center;">0.212<span style="vertical-align:super;font-size:0.8em;">***</span></td>
<td style="padding:0.2cm; text-align:center;">0.252<span style="vertical-align:super;font-size:0.8em;">***</span></td>
<td style="padding:0.2cm; text-align:center;">0.386<span style="vertical-align:super;font-size:0.8em;">***</span></td>
<td style="padding:0.2cm; text-align:center;">&nbsp;</td>
<td style="padding:0.2cm; text-align:center; color:#999999;">0.064<span style="vertical-align:super;font-size:0.8em;"></span></td>
<td style="padding:0.2cm; text-align:center; color:#999999;">0.016<span style="vertical-align:super;font-size:0.8em;"></span></td>
<td style="padding:0.2cm; text-align:center; color:#999999;">0.072<span style="vertical-align:super;font-size:0.8em;"></span></td>
<td style="padding:0.2cm; text-align:center; color:#999999;">-0.024<span style="vertical-align:super;font-size:0.8em;"></span></td>
<td style="padding:0.2cm; text-align:center; color:#999999;">0.047<span style="vertical-align:super;font-size:0.8em;"></span></td>
<td style="padding:0.2cm; text-align:center; color:#999999;">0.004<span style="vertical-align:super;font-size:0.8em;"></span></td>
<td style="padding:0.2cm; text-align:center; color:#999999;">-0.047<span style="vertical-align:super;font-size:0.8em;"></span></td>
<td style="padding:0.2cm; text-align:center; color:#999999;">-0.062<span style="vertical-align:super;font-size:0.8em;"></span></td>
<td style="padding:0.2cm; text-align:center; color:#999999;">-0.049<span style="vertical-align:super;font-size:0.8em;"></span></td>
<td style="padding:0.2cm; text-align:center; color:#999999;">-0.096<span style="vertical-align:super;font-size:0.8em;"></span></td>
<td style="padding:0.2cm; text-align:center;">0.156<span style="vertical-align:super;font-size:0.8em;">**</span></td>
<td style="padding:0.2cm; text-align:center; color:#999999;">0.095<span style="vertical-align:super;font-size:0.8em;"></span></td>
</tr>
<tr>
<td style="font-style:italic;">Su300.S</td>
<td style="padding:0.2cm; text-align:center;">0.130<span style="vertical-align:super;font-size:0.8em;">*</span></td>
<td style="padding:0.2cm; text-align:center; color:#999999;">-0.017<span style="vertical-align:super;font-size:0.8em;"></span></td>
<td style="padding:0.2cm; text-align:center;">0.181<span style="vertical-align:super;font-size:0.8em;">**</span></td>
<td style="padding:0.2cm; text-align:center; color:#999999;">0.018<span style="vertical-align:super;font-size:0.8em;"></span></td>
<td style="padding:0.2cm; text-align:center;">0.174<span style="vertical-align:super;font-size:0.8em;">**</span></td>
<td style="padding:0.2cm; text-align:center; color:#999999;">0.075<span style="vertical-align:super;font-size:0.8em;"></span></td>
<td style="padding:0.2cm; text-align:center;">0.207<span style="vertical-align:super;font-size:0.8em;">***</span></td>
<td style="padding:0.2cm; text-align:center; color:#999999;">0.051<span style="vertical-align:super;font-size:0.8em;"></span></td>
<td style="padding:0.2cm; text-align:center;">0.208<span style="vertical-align:super;font-size:0.8em;">***</span></td>
<td style="padding:0.2cm; text-align:center; color:#999999;">0.064<span style="vertical-align:super;font-size:0.8em;"></span></td>
<td style="padding:0.2cm; text-align:center;">&nbsp;</td>
<td style="padding:0.2cm; text-align:center;">0.515<span style="vertical-align:super;font-size:0.8em;">***</span></td>
<td style="padding:0.2cm; text-align:center;">0.325<span style="vertical-align:super;font-size:0.8em;">***</span></td>
<td style="padding:0.2cm; text-align:center;">0.238<span style="vertical-align:super;font-size:0.8em;">***</span></td>
<td style="padding:0.2cm; text-align:center;">0.343<span style="vertical-align:super;font-size:0.8em;">***</span></td>
<td style="padding:0.2cm; text-align:center;">0.298<span style="vertical-align:super;font-size:0.8em;">***</span></td>
<td style="padding:0.2cm; text-align:center;">0.225<span style="vertical-align:super;font-size:0.8em;">***</span></td>
<td style="padding:0.2cm; text-align:center;">0.175<span style="vertical-align:super;font-size:0.8em;">**</span></td>
<td style="padding:0.2cm; text-align:center; color:#999999;">0.063<span style="vertical-align:super;font-size:0.8em;"></span></td>
<td style="padding:0.2cm; text-align:center; color:#999999;">0.010<span style="vertical-align:super;font-size:0.8em;"></span></td>
<td style="padding:0.2cm; text-align:center;">0.246<span style="vertical-align:super;font-size:0.8em;">***</span></td>
<td style="padding:0.2cm; text-align:center; color:#999999;">0.046<span style="vertical-align:super;font-size:0.8em;"></span></td>
</tr>
<tr>
<td style="font-style:italic;">Su300.Pr</td>
<td style="padding:0.2cm; text-align:center; color:#999999;">-0.023<span style="vertical-align:super;font-size:0.8em;"></span></td>
<td style="padding:0.2cm; text-align:center; color:#999999;">-0.072<span style="vertical-align:super;font-size:0.8em;"></span></td>
<td style="padding:0.2cm; text-align:center; color:#999999;">-0.108<span style="vertical-align:super;font-size:0.8em;"></span></td>
<td style="padding:0.2cm; text-align:center; color:#999999;">-0.091<span style="vertical-align:super;font-size:0.8em;"></span></td>
<td style="padding:0.2cm; text-align:center;">-0.127<span style="vertical-align:super;font-size:0.8em;">*</span></td>
<td style="padding:0.2cm; text-align:center; color:#999999;">-0.087<span style="vertical-align:super;font-size:0.8em;"></span></td>
<td style="padding:0.2cm; text-align:center; color:#999999;">-0.100<span style="vertical-align:super;font-size:0.8em;"></span></td>
<td style="padding:0.2cm; text-align:center; color:#999999;">-0.005<span style="vertical-align:super;font-size:0.8em;"></span></td>
<td style="padding:0.2cm; text-align:center; color:#999999;">-0.062<span style="vertical-align:super;font-size:0.8em;"></span></td>
<td style="padding:0.2cm; text-align:center; color:#999999;">0.016<span style="vertical-align:super;font-size:0.8em;"></span></td>
<td style="padding:0.2cm; text-align:center;">0.515<span style="vertical-align:super;font-size:0.8em;">***</span></td>
<td style="padding:0.2cm; text-align:center;">&nbsp;</td>
<td style="padding:0.2cm; text-align:center;">0.126<span style="vertical-align:super;font-size:0.8em;">*</span></td>
<td style="padding:0.2cm; text-align:center;">0.153<span style="vertical-align:super;font-size:0.8em;">*</span></td>
<td style="padding:0.2cm; text-align:center;">0.170<span style="vertical-align:super;font-size:0.8em;">**</span></td>
<td style="padding:0.2cm; text-align:center;">0.190<span style="vertical-align:super;font-size:0.8em;">**</span></td>
<td style="padding:0.2cm; text-align:center; color:#999999;">0.089<span style="vertical-align:super;font-size:0.8em;"></span></td>
<td style="padding:0.2cm; text-align:center; color:#999999;">0.090<span style="vertical-align:super;font-size:0.8em;"></span></td>
<td style="padding:0.2cm; text-align:center; color:#999999;">0.024<span style="vertical-align:super;font-size:0.8em;"></span></td>
<td style="padding:0.2cm; text-align:center; color:#999999;">0.015<span style="vertical-align:super;font-size:0.8em;"></span></td>
<td style="padding:0.2cm; text-align:center; color:#999999;">0.057<span style="vertical-align:super;font-size:0.8em;"></span></td>
<td style="padding:0.2cm; text-align:center; color:#999999;">-0.011<span style="vertical-align:super;font-size:0.8em;"></span></td>
</tr>
<tr>
<td style="font-style:italic;">MSG.S</td>
<td style="padding:0.2cm; text-align:center;">0.159<span style="vertical-align:super;font-size:0.8em;">**</span></td>
<td style="padding:0.2cm; text-align:center; color:#999999;">-0.056<span style="vertical-align:super;font-size:0.8em;"></span></td>
<td style="padding:0.2cm; text-align:center;">0.153<span style="vertical-align:super;font-size:0.8em;">*</span></td>
<td style="padding:0.2cm; text-align:center; color:#999999;">-0.055<span style="vertical-align:super;font-size:0.8em;"></span></td>
<td style="padding:0.2cm; text-align:center;">0.187<span style="vertical-align:super;font-size:0.8em;">**</span></td>
<td style="padding:0.2cm; text-align:center; color:#999999;">-0.026<span style="vertical-align:super;font-size:0.8em;"></span></td>
<td style="padding:0.2cm; text-align:center;">0.202<span style="vertical-align:super;font-size:0.8em;">***</span></td>
<td style="padding:0.2cm; text-align:center; color:#999999;">0.062<span style="vertical-align:super;font-size:0.8em;"></span></td>
<td style="padding:0.2cm; text-align:center;">0.265<span style="vertical-align:super;font-size:0.8em;">***</span></td>
<td style="padding:0.2cm; text-align:center; color:#999999;">0.072<span style="vertical-align:super;font-size:0.8em;"></span></td>
<td style="padding:0.2cm; text-align:center;">0.325<span style="vertical-align:super;font-size:0.8em;">***</span></td>
<td style="padding:0.2cm; text-align:center;">0.126<span style="vertical-align:super;font-size:0.8em;">*</span></td>
<td style="padding:0.2cm; text-align:center;">&nbsp;</td>
<td style="padding:0.2cm; text-align:center;">0.828<span style="vertical-align:super;font-size:0.8em;">***</span></td>
<td style="padding:0.2cm; text-align:center;">0.178<span style="vertical-align:super;font-size:0.8em;">**</span></td>
<td style="padding:0.2cm; text-align:center;">0.178<span style="vertical-align:super;font-size:0.8em;">**</span></td>
<td style="padding:0.2cm; text-align:center;">0.162<span style="vertical-align:super;font-size:0.8em;">**</span></td>
<td style="padding:0.2cm; text-align:center;">0.132<span style="vertical-align:super;font-size:0.8em;">*</span></td>
<td style="padding:0.2cm; text-align:center; color:#999999;">-0.007<span style="vertical-align:super;font-size:0.8em;"></span></td>
<td style="padding:0.2cm; text-align:center; color:#999999;">-0.077<span style="vertical-align:super;font-size:0.8em;"></span></td>
<td style="padding:0.2cm; text-align:center;">0.224<span style="vertical-align:super;font-size:0.8em;">***</span></td>
<td style="padding:0.2cm; text-align:center; color:#999999;">0.059<span style="vertical-align:super;font-size:0.8em;"></span></td>
</tr>
<tr>
<td style="font-style:italic;">MSG.Pr</td>
<td style="padding:0.2cm; text-align:center; color:#999999;">-0.028<span style="vertical-align:super;font-size:0.8em;"></span></td>
<td style="padding:0.2cm; text-align:center; color:#999999;">-0.038<span style="vertical-align:super;font-size:0.8em;"></span></td>
<td style="padding:0.2cm; text-align:center; color:#999999;">-0.060<span style="vertical-align:super;font-size:0.8em;"></span></td>
<td style="padding:0.2cm; text-align:center; color:#999999;">-0.078<span style="vertical-align:super;font-size:0.8em;"></span></td>
<td style="padding:0.2cm; text-align:center; color:#999999;">-0.063<span style="vertical-align:super;font-size:0.8em;"></span></td>
<td style="padding:0.2cm; text-align:center; color:#999999;">-0.102<span style="vertical-align:super;font-size:0.8em;"></span></td>
<td style="padding:0.2cm; text-align:center; color:#999999;">0.003<span style="vertical-align:super;font-size:0.8em;"></span></td>
<td style="padding:0.2cm; text-align:center; color:#999999;">-0.058<span style="vertical-align:super;font-size:0.8em;"></span></td>
<td style="padding:0.2cm; text-align:center; color:#999999;">-0.023<span style="vertical-align:super;font-size:0.8em;"></span></td>
<td style="padding:0.2cm; text-align:center; color:#999999;">-0.024<span style="vertical-align:super;font-size:0.8em;"></span></td>
<td style="padding:0.2cm; text-align:center;">0.238<span style="vertical-align:super;font-size:0.8em;">***</span></td>
<td style="padding:0.2cm; text-align:center;">0.153<span style="vertical-align:super;font-size:0.8em;">*</span></td>
<td style="padding:0.2cm; text-align:center;">0.828<span style="vertical-align:super;font-size:0.8em;">***</span></td>
<td style="padding:0.2cm; text-align:center;">&nbsp;</td>
<td style="padding:0.2cm; text-align:center; color:#999999;">0.047<span style="vertical-align:super;font-size:0.8em;"></span></td>
<td style="padding:0.2cm; text-align:center;">0.186<span style="vertical-align:super;font-size:0.8em;">**</span></td>
<td style="padding:0.2cm; text-align:center;">0.126<span style="vertical-align:super;font-size:0.8em;">*</span></td>
<td style="padding:0.2cm; text-align:center;">0.191<span style="vertical-align:super;font-size:0.8em;">**</span></td>
<td style="padding:0.2cm; text-align:center; color:#999999;">0.005<span style="vertical-align:super;font-size:0.8em;"></span></td>
<td style="padding:0.2cm; text-align:center; color:#999999;">0.002<span style="vertical-align:super;font-size:0.8em;"></span></td>
<td style="padding:0.2cm; text-align:center; color:#999999;">-0.094<span style="vertical-align:super;font-size:0.8em;"></span></td>
<td style="padding:0.2cm; text-align:center; color:#999999;">0.081<span style="vertical-align:super;font-size:0.8em;"></span></td>
</tr>
<tr>
<td style="font-style:italic;">Et3.S</td>
<td style="padding:0.2cm; text-align:center;">0.336<span style="vertical-align:super;font-size:0.8em;">***</span></td>
<td style="padding:0.2cm; text-align:center; color:#999999;">0.059<span style="vertical-align:super;font-size:0.8em;"></span></td>
<td style="padding:0.2cm; text-align:center;">0.387<span style="vertical-align:super;font-size:0.8em;">***</span></td>
<td style="padding:0.2cm; text-align:center;">0.132<span style="vertical-align:super;font-size:0.8em;">*</span></td>
<td style="padding:0.2cm; text-align:center;">0.393<span style="vertical-align:super;font-size:0.8em;">***</span></td>
<td style="padding:0.2cm; text-align:center;">0.123<span style="vertical-align:super;font-size:0.8em;">*</span></td>
<td style="padding:0.2cm; text-align:center;">0.308<span style="vertical-align:super;font-size:0.8em;">***</span></td>
<td style="padding:0.2cm; text-align:center; color:#999999;">-0.001<span style="vertical-align:super;font-size:0.8em;"></span></td>
<td style="padding:0.2cm; text-align:center;">0.408<span style="vertical-align:super;font-size:0.8em;">***</span></td>
<td style="padding:0.2cm; text-align:center; color:#999999;">0.047<span style="vertical-align:super;font-size:0.8em;"></span></td>
<td style="padding:0.2cm; text-align:center;">0.343<span style="vertical-align:super;font-size:0.8em;">***</span></td>
<td style="padding:0.2cm; text-align:center;">0.170<span style="vertical-align:super;font-size:0.8em;">**</span></td>
<td style="padding:0.2cm; text-align:center;">0.178<span style="vertical-align:super;font-size:0.8em;">**</span></td>
<td style="padding:0.2cm; text-align:center; color:#999999;">0.047<span style="vertical-align:super;font-size:0.8em;"></span></td>
<td style="padding:0.2cm; text-align:center;">&nbsp;</td>
<td style="padding:0.2cm; text-align:center;">0.881<span style="vertical-align:super;font-size:0.8em;">***</span></td>
<td style="padding:0.2cm; text-align:center;">0.391<span style="vertical-align:super;font-size:0.8em;">***</span></td>
<td style="padding:0.2cm; text-align:center;">0.271<span style="vertical-align:super;font-size:0.8em;">***</span></td>
<td style="padding:0.2cm; text-align:center; color:#999999;">0.033<span style="vertical-align:super;font-size:0.8em;"></span></td>
<td style="padding:0.2cm; text-align:center; color:#999999;">-0.070<span style="vertical-align:super;font-size:0.8em;"></span></td>
<td style="padding:0.2cm; text-align:center;">0.457<span style="vertical-align:super;font-size:0.8em;">***</span></td>
<td style="padding:0.2cm; text-align:center; color:#999999;">0.090<span style="vertical-align:super;font-size:0.8em;"></span></td>
</tr>
<tr>
<td style="font-style:italic;">Et3.Pr</td>
<td style="padding:0.2cm; text-align:center;">0.138<span style="vertical-align:super;font-size:0.8em;">*</span></td>
<td style="padding:0.2cm; text-align:center; color:#999999;">0.062<span style="vertical-align:super;font-size:0.8em;"></span></td>
<td style="padding:0.2cm; text-align:center;">0.161<span style="vertical-align:super;font-size:0.8em;">**</span></td>
<td style="padding:0.2cm; text-align:center; color:#999999;">0.114<span style="vertical-align:super;font-size:0.8em;"></span></td>
<td style="padding:0.2cm; text-align:center;">0.147<span style="vertical-align:super;font-size:0.8em;">*</span></td>
<td style="padding:0.2cm; text-align:center; color:#999999;">0.095<span style="vertical-align:super;font-size:0.8em;"></span></td>
<td style="padding:0.2cm; text-align:center;">0.124<span style="vertical-align:super;font-size:0.8em;">*</span></td>
<td style="padding:0.2cm; text-align:center; color:#999999;">-0.051<span style="vertical-align:super;font-size:0.8em;"></span></td>
<td style="padding:0.2cm; text-align:center;">0.149<span style="vertical-align:super;font-size:0.8em;">*</span></td>
<td style="padding:0.2cm; text-align:center; color:#999999;">0.004<span style="vertical-align:super;font-size:0.8em;"></span></td>
<td style="padding:0.2cm; text-align:center;">0.298<span style="vertical-align:super;font-size:0.8em;">***</span></td>
<td style="padding:0.2cm; text-align:center;">0.190<span style="vertical-align:super;font-size:0.8em;">**</span></td>
<td style="padding:0.2cm; text-align:center;">0.178<span style="vertical-align:super;font-size:0.8em;">**</span></td>
<td style="padding:0.2cm; text-align:center;">0.186<span style="vertical-align:super;font-size:0.8em;">**</span></td>
<td style="padding:0.2cm; text-align:center;">0.881<span style="vertical-align:super;font-size:0.8em;">***</span></td>
<td style="padding:0.2cm; text-align:center;">&nbsp;</td>
<td style="padding:0.2cm; text-align:center;">0.375<span style="vertical-align:super;font-size:0.8em;">***</span></td>
<td style="padding:0.2cm; text-align:center;">0.366<span style="vertical-align:super;font-size:0.8em;">***</span></td>
<td style="padding:0.2cm; text-align:center; color:#999999;">-0.033<span style="vertical-align:super;font-size:0.8em;"></span></td>
<td style="padding:0.2cm; text-align:center; color:#999999;">-0.081<span style="vertical-align:super;font-size:0.8em;"></span></td>
<td style="padding:0.2cm; text-align:center;">0.127<span style="vertical-align:super;font-size:0.8em;">*</span></td>
<td style="padding:0.2cm; text-align:center;">0.139<span style="vertical-align:super;font-size:0.8em;">*</span></td>
</tr>
<tr>
<td style="font-style:italic;">Et10.S</td>
<td style="padding:0.2cm; text-align:center;">0.133<span style="vertical-align:super;font-size:0.8em;">*</span></td>
<td style="padding:0.2cm; text-align:center; color:#999999;">0.039<span style="vertical-align:super;font-size:0.8em;"></span></td>
<td style="padding:0.2cm; text-align:center;">0.182<span style="vertical-align:super;font-size:0.8em;">**</span></td>
<td style="padding:0.2cm; text-align:center; color:#999999;">0.078<span style="vertical-align:super;font-size:0.8em;"></span></td>
<td style="padding:0.2cm; text-align:center;">0.187<span style="vertical-align:super;font-size:0.8em;">**</span></td>
<td style="padding:0.2cm; text-align:center; color:#999999;">0.080<span style="vertical-align:super;font-size:0.8em;"></span></td>
<td style="padding:0.2cm; text-align:center;">0.232<span style="vertical-align:super;font-size:0.8em;">***</span></td>
<td style="padding:0.2cm; text-align:center; color:#999999;">-0.034<span style="vertical-align:super;font-size:0.8em;"></span></td>
<td style="padding:0.2cm; text-align:center;">0.186<span style="vertical-align:super;font-size:0.8em;">**</span></td>
<td style="padding:0.2cm; text-align:center; color:#999999;">-0.047<span style="vertical-align:super;font-size:0.8em;"></span></td>
<td style="padding:0.2cm; text-align:center;">0.225<span style="vertical-align:super;font-size:0.8em;">***</span></td>
<td style="padding:0.2cm; text-align:center; color:#999999;">0.089<span style="vertical-align:super;font-size:0.8em;"></span></td>
<td style="padding:0.2cm; text-align:center;">0.162<span style="vertical-align:super;font-size:0.8em;">**</span></td>
<td style="padding:0.2cm; text-align:center;">0.126<span style="vertical-align:super;font-size:0.8em;">*</span></td>
<td style="padding:0.2cm; text-align:center;">0.391<span style="vertical-align:super;font-size:0.8em;">***</span></td>
<td style="padding:0.2cm; text-align:center;">0.375<span style="vertical-align:super;font-size:0.8em;">***</span></td>
<td style="padding:0.2cm; text-align:center;">&nbsp;</td>
<td style="padding:0.2cm; text-align:center;">0.950<span style="vertical-align:super;font-size:0.8em;">***</span></td>
<td style="padding:0.2cm; text-align:center; color:#999999;">0.020<span style="vertical-align:super;font-size:0.8em;"></span></td>
<td style="padding:0.2cm; text-align:center; color:#999999;">-0.027<span style="vertical-align:super;font-size:0.8em;"></span></td>
<td style="padding:0.2cm; text-align:center; color:#999999;">0.102<span style="vertical-align:super;font-size:0.8em;"></span></td>
<td style="padding:0.2cm; text-align:center; color:#999999;">0.076<span style="vertical-align:super;font-size:0.8em;"></span></td>
</tr>
<tr>
<td style="font-style:italic;">Et10.Pr</td>
<td style="padding:0.2cm; text-align:center; color:#999999;">0.011<span style="vertical-align:super;font-size:0.8em;"></span></td>
<td style="padding:0.2cm; text-align:center; color:#999999;">0.050<span style="vertical-align:super;font-size:0.8em;"></span></td>
<td style="padding:0.2cm; text-align:center; color:#999999;">0.044<span style="vertical-align:super;font-size:0.8em;"></span></td>
<td style="padding:0.2cm; text-align:center; color:#999999;">0.070<span style="vertical-align:super;font-size:0.8em;"></span></td>
<td style="padding:0.2cm; text-align:center; color:#999999;">0.030<span style="vertical-align:super;font-size:0.8em;"></span></td>
<td style="padding:0.2cm; text-align:center; color:#999999;">0.064<span style="vertical-align:super;font-size:0.8em;"></span></td>
<td style="padding:0.2cm; text-align:center; color:#999999;">0.116<span style="vertical-align:super;font-size:0.8em;"></span></td>
<td style="padding:0.2cm; text-align:center; color:#999999;">-0.042<span style="vertical-align:super;font-size:0.8em;"></span></td>
<td style="padding:0.2cm; text-align:center; color:#999999;">0.022<span style="vertical-align:super;font-size:0.8em;"></span></td>
<td style="padding:0.2cm; text-align:center; color:#999999;">-0.062<span style="vertical-align:super;font-size:0.8em;"></span></td>
<td style="padding:0.2cm; text-align:center;">0.175<span style="vertical-align:super;font-size:0.8em;">**</span></td>
<td style="padding:0.2cm; text-align:center; color:#999999;">0.090<span style="vertical-align:super;font-size:0.8em;"></span></td>
<td style="padding:0.2cm; text-align:center;">0.132<span style="vertical-align:super;font-size:0.8em;">*</span></td>
<td style="padding:0.2cm; text-align:center;">0.191<span style="vertical-align:super;font-size:0.8em;">**</span></td>
<td style="padding:0.2cm; text-align:center;">0.271<span style="vertical-align:super;font-size:0.8em;">***</span></td>
<td style="padding:0.2cm; text-align:center;">0.366<span style="vertical-align:super;font-size:0.8em;">***</span></td>
<td style="padding:0.2cm; text-align:center;">0.950<span style="vertical-align:super;font-size:0.8em;">***</span></td>
<td style="padding:0.2cm; text-align:center;">&nbsp;</td>
<td style="padding:0.2cm; text-align:center; color:#999999;">-0.012<span style="vertical-align:super;font-size:0.8em;"></span></td>
<td style="padding:0.2cm; text-align:center; color:#999999;">-0.020<span style="vertical-align:super;font-size:0.8em;"></span></td>
<td style="padding:0.2cm; text-align:center; color:#999999;">-0.111<span style="vertical-align:super;font-size:0.8em;"></span></td>
<td style="padding:0.2cm; text-align:center; color:#999999;">0.080<span style="vertical-align:super;font-size:0.8em;"></span></td>
</tr>
<tr>
<td style="font-style:italic;">Ca.S</td>
<td style="padding:0.2cm; text-align:center; color:#999999;">-0.035<span style="vertical-align:super;font-size:0.8em;"></span></td>
<td style="padding:0.2cm; text-align:center; color:#999999;">-0.085<span style="vertical-align:super;font-size:0.8em;"></span></td>
<td style="padding:0.2cm; text-align:center; color:#999999;">0.086<span style="vertical-align:super;font-size:0.8em;"></span></td>
<td style="padding:0.2cm; text-align:center; color:#999999;">-0.040<span style="vertical-align:super;font-size:0.8em;"></span></td>
<td style="padding:0.2cm; text-align:center; color:#999999;">0.096<span style="vertical-align:super;font-size:0.8em;"></span></td>
<td style="padding:0.2cm; text-align:center; color:#999999;">-0.102<span style="vertical-align:super;font-size:0.8em;"></span></td>
<td style="padding:0.2cm; text-align:center;">0.148<span style="vertical-align:super;font-size:0.8em;">*</span></td>
<td style="padding:0.2cm; text-align:center;">-0.122<span style="vertical-align:super;font-size:0.8em;">*</span></td>
<td style="padding:0.2cm; text-align:center; color:#999999;">0.066<span style="vertical-align:super;font-size:0.8em;"></span></td>
<td style="padding:0.2cm; text-align:center; color:#999999;">-0.049<span style="vertical-align:super;font-size:0.8em;"></span></td>
<td style="padding:0.2cm; text-align:center; color:#999999;">0.063<span style="vertical-align:super;font-size:0.8em;"></span></td>
<td style="padding:0.2cm; text-align:center; color:#999999;">0.024<span style="vertical-align:super;font-size:0.8em;"></span></td>
<td style="padding:0.2cm; text-align:center; color:#999999;">-0.007<span style="vertical-align:super;font-size:0.8em;"></span></td>
<td style="padding:0.2cm; text-align:center; color:#999999;">0.005<span style="vertical-align:super;font-size:0.8em;"></span></td>
<td style="padding:0.2cm; text-align:center; color:#999999;">0.033<span style="vertical-align:super;font-size:0.8em;"></span></td>
<td style="padding:0.2cm; text-align:center; color:#999999;">-0.033<span style="vertical-align:super;font-size:0.8em;"></span></td>
<td style="padding:0.2cm; text-align:center; color:#999999;">0.020<span style="vertical-align:super;font-size:0.8em;"></span></td>
<td style="padding:0.2cm; text-align:center; color:#999999;">-0.012<span style="vertical-align:super;font-size:0.8em;"></span></td>
<td style="padding:0.2cm; text-align:center;">&nbsp;</td>
<td style="padding:0.2cm; text-align:center;">0.963<span style="vertical-align:super;font-size:0.8em;">***</span></td>
<td style="padding:0.2cm; text-align:center; color:#999999;">0.084<span style="vertical-align:super;font-size:0.8em;"></span></td>
<td style="padding:0.2cm; text-align:center; color:#999999;">-0.032<span style="vertical-align:super;font-size:0.8em;"></span></td>
</tr>
<tr>
<td style="font-style:italic;">Ca.Pr</td>
<td style="padding:0.2cm; text-align:center;">-0.127<span style="vertical-align:super;font-size:0.8em;">*</span></td>
<td style="padding:0.2cm; text-align:center; color:#999999;">-0.074<span style="vertical-align:super;font-size:0.8em;"></span></td>
<td style="padding:0.2cm; text-align:center; color:#999999;">-0.023<span style="vertical-align:super;font-size:0.8em;"></span></td>
<td style="padding:0.2cm; text-align:center; color:#999999;">-0.062<span style="vertical-align:super;font-size:0.8em;"></span></td>
<td style="padding:0.2cm; text-align:center; color:#999999;">-0.024<span style="vertical-align:super;font-size:0.8em;"></span></td>
<td style="padding:0.2cm; text-align:center;">-0.123<span style="vertical-align:super;font-size:0.8em;">*</span></td>
<td style="padding:0.2cm; text-align:center; color:#999999;">0.029<span style="vertical-align:super;font-size:0.8em;"></span></td>
<td style="padding:0.2cm; text-align:center;">-0.165<span style="vertical-align:super;font-size:0.8em;">**</span></td>
<td style="padding:0.2cm; text-align:center; color:#999999;">-0.062<span style="vertical-align:super;font-size:0.8em;"></span></td>
<td style="padding:0.2cm; text-align:center; color:#999999;">-0.096<span style="vertical-align:super;font-size:0.8em;"></span></td>
<td style="padding:0.2cm; text-align:center; color:#999999;">0.010<span style="vertical-align:super;font-size:0.8em;"></span></td>
<td style="padding:0.2cm; text-align:center; color:#999999;">0.015<span style="vertical-align:super;font-size:0.8em;"></span></td>
<td style="padding:0.2cm; text-align:center; color:#999999;">-0.077<span style="vertical-align:super;font-size:0.8em;"></span></td>
<td style="padding:0.2cm; text-align:center; color:#999999;">0.002<span style="vertical-align:super;font-size:0.8em;"></span></td>
<td style="padding:0.2cm; text-align:center; color:#999999;">-0.070<span style="vertical-align:super;font-size:0.8em;"></span></td>
<td style="padding:0.2cm; text-align:center; color:#999999;">-0.081<span style="vertical-align:super;font-size:0.8em;"></span></td>
<td style="padding:0.2cm; text-align:center; color:#999999;">-0.027<span style="vertical-align:super;font-size:0.8em;"></span></td>
<td style="padding:0.2cm; text-align:center; color:#999999;">-0.020<span style="vertical-align:super;font-size:0.8em;"></span></td>
<td style="padding:0.2cm; text-align:center;">0.963<span style="vertical-align:super;font-size:0.8em;">***</span></td>
<td style="padding:0.2cm; text-align:center;">&nbsp;</td>
<td style="padding:0.2cm; text-align:center; color:#999999;">-0.068<span style="vertical-align:super;font-size:0.8em;"></span></td>
<td style="padding:0.2cm; text-align:center; color:#999999;">-0.035<span style="vertical-align:super;font-size:0.8em;"></span></td>
</tr>
<tr>
<td style="font-style:italic;">Wat.av</td>
<td style="padding:0.2cm; text-align:center;">0.624<span style="vertical-align:super;font-size:0.8em;">***</span></td>
<td style="padding:0.2cm; text-align:center; color:#999999;">-0.084<span style="vertical-align:super;font-size:0.8em;"></span></td>
<td style="padding:0.2cm; text-align:center;">0.553<span style="vertical-align:super;font-size:0.8em;">***</span></td>
<td style="padding:0.2cm; text-align:center; color:#999999;">-0.006<span style="vertical-align:super;font-size:0.8em;"></span></td>
<td style="padding:0.2cm; text-align:center;">0.614<span style="vertical-align:super;font-size:0.8em;">***</span></td>
<td style="padding:0.2cm; text-align:center; color:#999999;">0.052<span style="vertical-align:super;font-size:0.8em;"></span></td>
<td style="padding:0.2cm; text-align:center;">0.461<span style="vertical-align:super;font-size:0.8em;">***</span></td>
<td style="padding:0.2cm; text-align:center; color:#999999;">0.070<span style="vertical-align:super;font-size:0.8em;"></span></td>
<td style="padding:0.2cm; text-align:center;">0.665<span style="vertical-align:super;font-size:0.8em;">***</span></td>
<td style="padding:0.2cm; text-align:center;">0.156<span style="vertical-align:super;font-size:0.8em;">**</span></td>
<td style="padding:0.2cm; text-align:center;">0.246<span style="vertical-align:super;font-size:0.8em;">***</span></td>
<td style="padding:0.2cm; text-align:center; color:#999999;">0.057<span style="vertical-align:super;font-size:0.8em;"></span></td>
<td style="padding:0.2cm; text-align:center;">0.224<span style="vertical-align:super;font-size:0.8em;">***</span></td>
<td style="padding:0.2cm; text-align:center; color:#999999;">-0.094<span style="vertical-align:super;font-size:0.8em;"></span></td>
<td style="padding:0.2cm; text-align:center;">0.457<span style="vertical-align:super;font-size:0.8em;">***</span></td>
<td style="padding:0.2cm; text-align:center;">0.127<span style="vertical-align:super;font-size:0.8em;">*</span></td>
<td style="padding:0.2cm; text-align:center; color:#999999;">0.102<span style="vertical-align:super;font-size:0.8em;"></span></td>
<td style="padding:0.2cm; text-align:center; color:#999999;">-0.111<span style="vertical-align:super;font-size:0.8em;"></span></td>
<td style="padding:0.2cm; text-align:center; color:#999999;">0.084<span style="vertical-align:super;font-size:0.8em;"></span></td>
<td style="padding:0.2cm; text-align:center; color:#999999;">-0.068<span style="vertical-align:super;font-size:0.8em;"></span></td>
<td style="padding:0.2cm; text-align:center;">&nbsp;</td>
<td style="padding:0.2cm; text-align:center; color:#999999;">-0.068<span style="vertical-align:super;font-size:0.8em;"></span></td>
</tr>
<tr>
<td style="font-style:italic;">Wat.Pr</td>
<td style="padding:0.2cm; text-align:center; color:#999999;">0.024<span style="vertical-align:super;font-size:0.8em;"></span></td>
<td style="padding:0.2cm; text-align:center;">0.169<span style="vertical-align:super;font-size:0.8em;">**</span></td>
<td style="padding:0.2cm; text-align:center; color:#999999;">-0.015<span style="vertical-align:super;font-size:0.8em;"></span></td>
<td style="padding:0.2cm; text-align:center;">0.133<span style="vertical-align:super;font-size:0.8em;">*</span></td>
<td style="padding:0.2cm; text-align:center; color:#999999;">-0.023<span style="vertical-align:super;font-size:0.8em;"></span></td>
<td style="padding:0.2cm; text-align:center; color:#999999;">0.117<span style="vertical-align:super;font-size:0.8em;"></span></td>
<td style="padding:0.2cm; text-align:center; color:#999999;">-0.011<span style="vertical-align:super;font-size:0.8em;"></span></td>
<td style="padding:0.2cm; text-align:center; color:#999999;">0.002<span style="vertical-align:super;font-size:0.8em;"></span></td>
<td style="padding:0.2cm; text-align:center; color:#999999;">-0.012<span style="vertical-align:super;font-size:0.8em;"></span></td>
<td style="padding:0.2cm; text-align:center; color:#999999;">0.095<span style="vertical-align:super;font-size:0.8em;"></span></td>
<td style="padding:0.2cm; text-align:center; color:#999999;">0.046<span style="vertical-align:super;font-size:0.8em;"></span></td>
<td style="padding:0.2cm; text-align:center; color:#999999;">-0.011<span style="vertical-align:super;font-size:0.8em;"></span></td>
<td style="padding:0.2cm; text-align:center; color:#999999;">0.059<span style="vertical-align:super;font-size:0.8em;"></span></td>
<td style="padding:0.2cm; text-align:center; color:#999999;">0.081<span style="vertical-align:super;font-size:0.8em;"></span></td>
<td style="padding:0.2cm; text-align:center; color:#999999;">0.090<span style="vertical-align:super;font-size:0.8em;"></span></td>
<td style="padding:0.2cm; text-align:center;">0.139<span style="vertical-align:super;font-size:0.8em;">*</span></td>
<td style="padding:0.2cm; text-align:center; color:#999999;">0.076<span style="vertical-align:super;font-size:0.8em;"></span></td>
<td style="padding:0.2cm; text-align:center; color:#999999;">0.080<span style="vertical-align:super;font-size:0.8em;"></span></td>
<td style="padding:0.2cm; text-align:center; color:#999999;">-0.032<span style="vertical-align:super;font-size:0.8em;"></span></td>
<td style="padding:0.2cm; text-align:center; color:#999999;">-0.035<span style="vertical-align:super;font-size:0.8em;"></span></td>
<td style="padding:0.2cm; text-align:center; color:#999999;">-0.068<span style="vertical-align:super;font-size:0.8em;"></span></td>
<td style="padding:0.2cm; text-align:center;">&nbsp;</td>
</tr>
<tr>
<td colspan="23" style="border-bottom:double black; border-top:1px solid black; font-style:italic; font-size:0.9em; text-align:right;">Computed correlation used pearson-method with pairwise-deletion.</td>
</tr>
 
</table>
